{
	"partitions" : [
		{
			"name" : "Top",
			"pins" : [
				{
					"name" : "Y1[0]",
					"strict" : false
				},
				{
					"name" : "Y1[3]",
					"strict" : false
				},
				{
					"name" : "Y1[4]",
					"strict" : false
				},
				{
					"name" : "Y1[5]",
					"strict" : false
				},
				{
					"name" : "Y2[0]",
					"strict" : false
				},
				{
					"name" : "Y2[3]",
					"strict" : false
				},
				{
					"name" : "Y2[4]",
					"strict" : false
				},
				{
					"name" : "Y2[5]",
					"strict" : false
				},
				{
					"name" : "Y3[0]",
					"strict" : false
				},
				{
					"name" : "Y3[3]",
					"strict" : false
				},
				{
					"name" : "Y3[4]",
					"strict" : false
				},
				{
					"name" : "Y3[5]",
					"strict" : false
				},
				{
					"name" : "Y4[0]",
					"strict" : false
				},
				{
					"name" : "Y4[3]",
					"strict" : false
				},
				{
					"name" : "Y4[4]",
					"strict" : false
				},
				{
					"name" : "Y4[5]",
					"strict" : false
				},
				{
					"name" : "Y5[0]",
					"strict" : false
				},
				{
					"name" : "Y5[3]",
					"strict" : false
				},
				{
					"name" : "Y5[4]",
					"strict" : false
				},
				{
					"name" : "Y5[5]",
					"strict" : false
				},
				{
					"name" : "Y6[0]",
					"strict" : false
				},
				{
					"name" : "Y6[3]",
					"strict" : false
				},
				{
					"name" : "Y6[4]",
					"strict" : false
				},
				{
					"name" : "Y6[5]",
					"strict" : false
				},
				{
					"name" : "Q[0]",
					"strict" : false
				},
				{
					"name" : "Q[1]",
					"strict" : false
				},
				{
					"name" : "Q[2]",
					"strict" : false
				},
				{
					"name" : "Q[3]",
					"strict" : false
				},
				{
					"name" : "Q[4]",
					"strict" : false
				},
				{
					"name" : "Q[5]",
					"strict" : false
				},
				{
					"name" : "Q[6]",
					"strict" : false
				},
				{
					"name" : "Q[7]",
					"strict" : false
				},
				{
					"name" : "Q[8]",
					"strict" : false
				},
				{
					"name" : "Q[9]",
					"strict" : false
				},
				{
					"name" : "RSTN",
					"strict" : false
				},
				{
					"name" : "S[3]",
					"strict" : false
				},
				{
					"name" : "S[0]",
					"strict" : false
				},
				{
					"name" : "S[1]",
					"strict" : false
				},
				{
					"name" : "S[2]",
					"strict" : false
				},
				{
					"name" : "CLK",
					"strict" : false
				}
			]
		}
	]
}