{
	"partitions" : [
		{
			"name" : "Top",
			"pins" : [
				{
					"name" : "P[0]",
					"strict" : false
				},
				{
					"name" : "P[1]",
					"strict" : false
				},
				{
					"name" : "P[2]",
					"strict" : false
				},
				{
					"name" : "P[3]",
					"strict" : false
				},
				{
					"name" : "P[4]",
					"strict" : false
				},
				{
					"name" : "P[5]",
					"strict" : false
				},
				{
					"name" : "P[6]",
					"strict" : false
				},
				{
					"name" : "P[7]",
					"strict" : false
				},
				{
					"name" : "A[0]",
					"strict" : false
				},
				{
					"name" : "B[0]",
					"strict" : false
				},
				{
					"name" : "A[1]",
					"strict" : false
				},
				{
					"name" : "B[1]",
					"strict" : false
				},
				{
					"name" : "A[2]",
					"strict" : false
				},
				{
					"name" : "B[2]",
					"strict" : false
				},
				{
					"name" : "A[3]",
					"strict" : false
				},
				{
					"name" : "B[3]",
					"strict" : false
				}
			]
		}
	]
}